title,text,label
"New research reveals the truth about fake news","Scientists have shown how fake news is spread online. The new research suggests that fake news often contains misleading headlines that are designed to generate clicks and shares.",1
"Important update on COVID-19 vaccines","Health experts have confirmed that the vaccine is highly effective and safe for most people. The CDC is urging everyone to get vaccinated as soon as possible.",0
"World markets rise amid global economic recovery","Stock markets are seeing positive growth as countries slowly recover from the effects of the pandemic. Investors are optimistic about the future.",0
"Shocking conspiracy theory about moon landing surfaces again","A new documentary claims that the moon landing was faked by the U.S. government in the 1960s. This controversial theory has been widely debunked by experts.",1
